,RL_NSGAII,NSGAII,SPEA2,NSGAIII
ZDT1,0.004155143106300605,0.00443662063210609,0.0038394161347715273,0.0038330471565669664,
ZDT1,0.004342651872265421,0.004523060976711447,0.003792514500885634,0.0038037374508127367,
ZDT1,0.004416043800221172,0.004336530718412628,0.003881613942051744,0.0037781917463729914,
ZDT1,0.004380537178369271,0.0043760829604382314,0.00388465677813816,0.004034380833232784,
ZDT1,0.004236062379984178,0.0047244413340347185,0.003956776337747016,0.003814426489977222,
ZDT1,0.004291403016874101,0.004360269483136695,0.0038828803374870956,0.003809268103511262,
ZDT1,0.004422301073376657,0.004459097491553783,0.003821632335681788,0.003802053787974147,
ZDT1,0.004297580713644171,0.004424874694404202,0.0037869727484171906,0.0038334467464987876,
ZDT1,0.004344101141480171,0.004393338767903901,0.0038415021618056528,0.0038012229212236416,
ZDT1,0.004358086305390668,0.004800084239857524,0.003853791670589801,0.0038015564279925388,
ZDT1,0.004344063603101675,0.004325931876121141,0.003902226574753934,0.003809764398034847,
ZDT1,0.004230261185027396,0.004362060643508026,0.003875456340813613,0.0038051493035419774,
ZDT1,0.004587448545345373,0.004713772241747189,0.0038944587264956253,0.00380352040299954,
ZDT1,0.004470906567113014,0.004744564212607938,0.0038434829871594606,0.0038185606323517976,
ZDT1,0.004210988887485689,0.004486245792362022,0.0038753456234181622,0.0038386298174863517,
ZDT1,0.004253413387771531,0.0043650039414825925,0.003847954394222322,0.0038329547564379595,
ZDT1,0.004239007842419174,0.004526287086384072,0.0038721921176909685,0.0037834155869497154,
ZDT1,0.0045377820541811185,0.004582023209254155,0.003880253813654135,0.003837978660952566,
ZDT1,0.004234529454772601,0.004535893349288887,0.0038994394882365846,0.003810962809360562,
ZDT1,0.00427698098904036,0.004452784414384653,0.0038116821075757437,0.003820774488075976,
ZDT1,0.004490487899085982,0.0045580929562453075,0.014276342678557825,0.003817135999512932,
ZDT1,0.00447558432265573,0.004351399039078336,0.003973071250458883,0.0038246784530017296,
ZDT1,0.004497878703205118,0.004429547447854825,0.003984819249553321,0.0037952763435883936,
ZDT1,0.004380321982869244,0.004593621112262683,0.003913299286378052,0.003806190665077757,
ZDT1,0.004209407348357614,0.004419847636385596,0.004005304476350526,0.0037430288392326563,
ZDT1,0.004221845741894166,0.004541365491483442,0.003952775192192102,0.0038115064758216985,
ZDT1,0.004457719960937556,0.0044031838341156235,0.003798893849860807,0.003806124268380412,
ZDT1,0.00416742391451521,0.004401967769973607,0.003879285426292068,0.0038584330305623878,
ZDT1,0.0043672826101170265,0.00451954738054782,0.003892939710471855,0.0038055228115780725,
ZDT1,0.0042738118675031715,0.0046827160705148856,0.004023589220579639,0.00382380259060452,
ZDT1,0.0044882258664122624,0.004920906446200997,0.0037938748946063886,0.003821728528559423,
ZDT1,0.004328011304135324,0.00443425456586751,0.0038360897168814747,0.003788956888098876,
ZDT1,0.0043146797419857455,0.00444299489547279,0.003949589543070266,0.0037988466643101093,
ZDT1,0.004525094268960158,0.004448929977261675,0.00379306937489394,0.0039023044852536074,
ZDT1,0.004342085684793204,0.0044360330678694755,0.003802136113796096,0.0038169911321969873,
ZDT1,0.004315457196479784,0.004515494582356322,0.0038872536163847477,0.00405128600560284,
ZDT1,0.00416128159623805,0.00475060566820169,0.003847218105631447,0.0038006179873643596,
ZDT1,0.0044524252102372324,0.0045121236733446,0.003976557340461239,0.004018035691815532,
ZDT1,0.00442468829633661,0.004682998476561319,0.0038322875822826637,0.0038251253213228737,
ZDT1,0.0042018351838607314,0.004452234051722241,0.0038971527721566473,0.00381897104063521,
ZDT1,0.004293392055818913,0.004464344342833291,0.003857642823754324,0.0038154959315848413,
ZDT1,0.004423825885351813,0.004465490780996049,0.003906771400386604,0.003803348893531719,
ZDT1,0.004377823135986825,0.004632964108272561,0.003897115842657463,0.0038130071544573907,
ZDT1,0.0044218969189254295,0.004559520482510163,0.003933920787492813,0.003810489182998664,
ZDT1,0.00436051350406429,0.004400500493512571,0.0038558414877622963,0.003794996992112336,
ZDT1,0.004445325919676126,0.004608125537820936,0.003878365399338229,0.003768042971430502,
ZDT1,0.0043390764159462036,0.004346447431856897,0.003924798776528377,0.00384091934723363,
ZDT1,0.004409108752874923,0.0045094724930626355,0.0037890001356905003,0.0037428105533881735,
ZDT1,0.004352610264307117,0.00447997260900201,0.003888164427157079,0.0037934877979282394,
ZDT1,0.004422830894674488,0.004618992079874457,0.0038235264359018158,0.003797456968720038,
ZDT1,0.004253207943637222,0.004633443107033705,0.004013475364044956,0.0038281870653551543,
ZDT1,0.0041504530330353055,0.004498671503037915,0.003980131471642296,0.003813304802644101,
ZDT1,0.00435411875102003,0.004371356207924362,0.003839318054811139,0.0038099144635611276,
ZDT1,0.004438840895252423,0.004497864633057531,0.0038230822536382963,0.0038499233255881705,
ZDT1,0.00440266014053707,0.0044410670164649725,0.003923044493815873,0.0037580498564748653,
ZDT1,0.004308018923523584,0.004488459552086155,0.003907744278505616,0.0038073144631606774,
ZDT1,0.004192812805132653,0.004389530435729563,0.0039068321669553955,0.003723977741647453,
ZDT1,0.004288684539112731,0.004846576791326856,0.003822071884357586,0.0038146059423097532,
ZDT1,0.004595365286151394,0.004472848597123969,0.0039060210469107756,0.0038444043019336674,
ZDT1,0.004270384496411063,0.004504722580755503,0.003820512362491054,0.003817404091055619,
ZDT1,0.00445403861349735,0.004393557493956296,0.0038785796948249338,0.004135783186214921,
ZDT1,0.0042283842012406665,0.00475018077530913,0.0037992249454249145,0.003810849927428002,
ZDT1,0.004214122391234486,0.004486255252627725,0.0038711726244404485,0.00376967678298537,
ZDT1,0.004796915849842357,0.004241978378677712,0.003919216573286802,0.0038164025159277085,
ZDT1,0.004317669938575127,0.004781163579201726,0.003969614111275171,0.0037950245660653375,
ZDT1,0.004368762323012742,0.004560134585764962,0.0039016824623981086,0.003811953919058937,
ZDT1,0.0043720828877310824,0.004816316528744348,0.0038255315563532205,0.0038183296783875437,
ZDT1,0.004435907008943263,0.004234945993331954,0.0038599587939194954,0.003810983200937872,
ZDT1,0.004218332352333143,0.004439929669017635,0.0039173368248302505,0.003796486307700361,
ZDT1,0.004181473579671759,0.004420703481470175,0.0038836877904337764,0.0038461125700385507,
ZDT1,0.004116101527939057,0.00432227171815811,0.003786610239636494,0.00421479086694165,
ZDT1,0.0044442695654805285,0.004549673669477109,0.0038577379025844594,0.0038277259348016026,
ZDT1,0.004521702677534301,0.004755575409017384,0.00393601155536061,0.003845923135606042,
ZDT1,0.004461332137176169,0.004423641450963028,0.0038862496477361226,0.003804344163760306,
ZDT1,0.004371665147949157,0.004491923292385264,0.003855480176882205,0.003819644281957931,
ZDT1,0.004525432437315663,0.004466903471230745,0.003810694371112532,0.003799661046307449,
ZDT1,0.004293902843046599,0.0045957350204249205,0.0038328056392075544,0.003787129752623447,
ZDT1,0.004430584332249972,0.0044226150541716944,0.003916380176736262,0.0037913011542894774,
ZDT1,0.004629115999087865,0.004646276108314328,0.0038848134052692773,0.003837079990259822,
ZDT1,0.004317091166414399,0.004396742313314745,0.0038031973222673325,0.0038488603842901127,
ZDT1,0.004417000865851608,0.0045230462453262526,0.003933751827362198,0.0038225679199959542,
ZDT1,0.004541682017579136,0.00458057900896989,0.003942228688161605,0.003781561474090316,
ZDT1,0.004373609396057308,0.004419844808029654,0.003804814583074502,0.0038127876158628032,
ZDT1,0.004381053666087956,0.004325065406561056,0.003827392813232531,0.003796342285372766,
ZDT1,0.0045739530739349445,0.004394864172329944,0.0038860343529365754,0.004143146523037429,
ZDT1,0.004397946307403054,0.004272276095266127,0.0038670345083069973,0.0037996046542836137,
ZDT1,0.004307662157620361,0.004458509559120592,0.003855292630437935,0.0038247979582740816,
ZDT1,0.0042858772215333745,0.004422849985974578,0.003823279718976157,0.003820103023774384,
ZDT1,0.004589869521064232,0.004630623130345546,0.003980479642805144,0.0037969973870503448,
ZDT1,0.004149370886291459,0.004514796106852518,0.0038409510854315464,0.0037051750011295684,
ZDT1,0.004301638207639092,0.004353236722016296,0.0038815458392880095,0.0038451578647125885,
ZDT1,0.00443595083196794,0.00454689237815871,0.0038877528948430143,0.0037780974222590834,
ZDT1,0.004388996011853138,0.004496065442163419,0.003810390578132625,0.0038313779616898865,
ZDT1,0.004450450137463762,0.004718909519124911,0.0038781469013232086,0.003790699016734272,
ZDT1,0.004463518107175255,0.004423260215143718,0.0038125942993797687,0.003810465982089199,
ZDT1,0.004443530815528439,0.004497400579433522,0.0038155154988346826,0.0037147611627154414,
ZDT1,0.004424870417844507,0.0046845034107268185,0.0039594311339834366,0.003788021844396926,
ZDT1,0.004537597027604267,0.004409942901611506,0.003943023768108304,0.003825176724964666,
ZDT1,0.004400234340733425,0.004465014072580222,0.0040491231401189156,0.0037885172200959553,
ZDT1,0.004774738907420238,0.004495456223230887,0.003750190340279425,0.0038187980217126776,
ZDT1,0.004290483455667932,0.004561712028278239,0.0037493472207282726,0.0039208723988995295,
ZDT1,0.004352225564472051,0.004396933732493273,0.0038056079955087322,0.0038154403944166766,
ZDT1,0.00428449750341891,0.00444254238914876,0.012437114710510549,0.0037869900163188816,
ZDT1,0.004272026775062335,0.004488036784559842,0.003933711248339692,0.0037874011462521394,
ZDT1,0.004588540706132726,0.004410490062857902,0.00386138303825712,0.0037775953326445494,
ZDT1,0.004364237811256212,0.004522252098421228,0.0038996477521806108,0.003762907930860601,
ZDT1,0.004259842658943728,0.004490478533018017,0.003916419228338861,0.0038199067362829557,
ZDT1,0.0042262517760233535,0.004415009453576476,0.003838379718630647,0.0038112008023259264,
ZDT1,0.004271064739738993,0.004478691693645164,0.0038357474615166053,0.0038075696995365058,
ZDT1,0.004397532550780566,0.004445722162928921,0.0038044236511227364,0.0038422168915373048,
ZDT1,0.0041784107925693014,0.004354085252446692,0.0038593801998004448,0.0038140872620372737,
ZDT1,0.004353454490817873,0.004277346100640627,0.003915094690752286,0.003829334974290084,
ZDT1,0.0043063746981120785,0.004653788457765498,0.003844022707460729,0.0038156269666784984,
ZDT1,0.004405919828989497,0.004385751372704109,0.0038386756849577517,0.0038350128546353612,
ZDT1,0.004418077005069228,0.004680324136403034,0.0039444725252611975,0.003820807890423811,
ZDT1,0.004503187661067074,0.00438438202654496,0.003911514986173676,0.003818639032965803,
ZDT1,0.00423964872917076,0.0046341202297475684,0.0039262720568470875,0.0038059090876618926,
ZDT1,0.00442774713222821,0.004596142845693727,0.0038648352573308208,0.0038132711848781428,
ZDT1,0.004332521371462194,0.004456804722565286,0.003882925579882112,0.0038327435528574465,
ZDT1,0.0044585374583247465,0.004367891434737646,0.0037898863358370415,0.0038479410498212813,
ZDT2,0.004800090402369038,0.004599633749938881,0.014819118321040171,0.003755751573024661,
ZDT2,0.004581016062515098,0.0047170590858480466,0.004859664142231776,0.0037255124754132845,
ZDT2,0.004383784835077303,0.004680773381429812,0.13393626822138827,0.003740189570157423,
ZDT2,0.004474726796938383,0.004687462100787665,0.06747628406275274,0.0037102117354086096,
ZDT2,0.004399847180787716,0.004367615834892868,0.08685337640156328,0.0037170233712073334,
ZDT2,0.004406184959005068,0.004563475494274911,0.003806267566386203,0.003743514390659255,
ZDT2,0.004598453159220995,0.0043980628639500455,0.0038328093592122775,0.0037313902168807345,
ZDT2,0.004367027556161926,0.004556710149055038,0.15472232603590946,0.0037238393746105826,
ZDT2,0.004557958273574252,0.004935204815721237,0.024399997251873598,0.0037304100835075476,
ZDT2,0.004590905559700686,0.004409404682806834,0.11456117657051289,0.0037375342210660555,
ZDT2,0.004427862031777903,0.004474336140134899,0.045201484438258464,0.0037315557479223427,
ZDT2,0.004465523688714831,0.005055920405245824,0.003942669921922504,0.00373513515351218,
ZDT2,0.004390358843663017,0.004530477325054815,0.054889108519687875,0.003745126322225331,
ZDT2,0.004512333134597484,0.00441073953247276,0.0061768393460060805,0.00373415670553188,
ZDT2,0.0048430596634456875,0.004830501835218498,0.003891728700088414,0.0037520466074323754,
ZDT2,0.004559920919319133,0.004856625763824042,0.02578151905305989,0.00374031443395165,
ZDT2,0.0043229847903982314,0.004442726073328561,0.115610753396834,0.0037346267025693924,
ZDT2,0.004717050377318997,0.0046607506557099386,0.003832931380019387,0.003743632082194855,
ZDT2,0.004380946310961159,0.004650144176082547,0.032346281433214864,0.003756006317247921,
ZDT2,0.004637108921391074,0.004857654967382863,0.0709389087866526,0.003736067614633854,
ZDT2,0.004447489815657703,0.004681319511376035,0.068784199141557,0.0037324967344885955,
ZDT2,0.004510140220212915,0.004598975157321848,0.0041041939987836685,0.003729369077085555,
ZDT2,0.004427674099960691,0.004517559691915343,0.10417065172725834,0.0037465790766359284,
ZDT2,0.004336958848802273,0.004628196854391951,0.10396618357450928,0.003743282910198438,
ZDT2,0.004486773992253494,0.004448942121601753,0.0946581671762525,0.0037227316828108512,
ZDT2,0.0044164958107564805,0.004867383678824613,0.0038776568650279977,0.003755900324697,
ZDT2,0.00460819292124601,0.004507870551680893,0.04915730174803103,0.0036918102014146473,
ZDT2,0.0046419045694957245,0.004560306866458225,0.0042902893658973784,0.003740307271029811,
ZDT2,0.004575182958789659,0.004475643554568998,0.003845850905586461,0.0037350983683922057,
ZDT2,0.004536026030540664,0.004791811046111923,0.05470198740824925,0.003751641930815492,
ZDT2,0.004373242795576829,0.0046759723739526575,0.03433881491718464,0.0037535607832832633,
ZDT2,0.004379231573548291,0.004832433520621301,0.007717277904982008,0.003761945580661624,
ZDT2,0.004629560066722178,0.00444729334788359,0.004099923213250664,0.0037405668506919976,
ZDT2,0.004298025314802036,0.004506393570504062,0.003994182162504206,0.0037710969597984567,
ZDT2,0.004398690385899756,0.0046862542938813905,0.051489681586389544,0.003733531667056581,
ZDT2,0.004292307089642477,0.004396207000773831,0.0700736036861503,0.0037269999069763746,
ZDT2,0.004452600061579343,0.004409981821613514,0.028861631961228915,0.003754360934639521,
ZDT2,0.004339496856124424,0.004572656638472605,0.039646398202885305,0.0037265193763579216,
ZDT2,0.004593626217083867,0.0046320118007816885,0.01510672452024622,0.003742783843110301,
ZDT2,0.0044812752416454596,0.004524342305743723,0.05868097329929045,0.0037261398926972996,
ZDT2,0.004443373432411154,0.004523407127852192,0.1564235485769959,0.0037112586274931016,
ZDT2,0.004497863245741244,0.0045458669925793884,0.003942533655293498,0.003727380693151962,
ZDT2,0.004518417761311316,0.004503223106745791,0.02755744192507697,0.003720592084129902,
ZDT2,0.004249466518671513,0.00453353642792201,0.03876072546492261,0.0037422614397568197,
ZDT2,0.004414255035298878,0.004437076553606125,0.033509480930816286,0.0037540922469032462,
ZDT2,0.004824318397967423,0.004674607015659716,0.043168158396790314,0.0037213387585688985,
ZDT2,0.004425654993344925,0.004612632403111897,0.0655247921871252,0.0037165592116812527,
ZDT2,0.004542902267962674,0.0043702078243781995,0.08292350301672895,0.003847793819803746,
ZDT2,0.00451713810441065,0.004539395174317974,0.0725029119227872,0.0037377467833110928,
ZDT2,0.004575833622840218,0.004574519603291467,0.00385385929922614,0.0037219855461850452,
ZDT2,0.004377957987005714,0.004401752728462805,0.0039232824216440644,0.003726298625428169,
ZDT2,0.004414455461466933,0.004247454477195148,0.06118343291135921,0.0037419230591658834,
ZDT2,0.004488871873400734,0.004693719617801487,0.0039112501804495,0.003741619678262783,
ZDT2,0.0043613558041155935,0.004511271217864916,0.00393824385587606,0.0037405232699654805,
ZDT2,0.004349535938717636,0.004590778512098969,0.004088750068587699,0.003734641890215117,
ZDT2,0.0046668664005681156,0.004635320608446616,0.003910158558321823,0.0037138735398409436,
ZDT2,0.004566637916116027,0.0049849425394892025,0.12268722524069924,0.003729862140531234,
ZDT2,0.004245989385513112,0.004451992593403245,0.06341901139285397,0.0037418390533401854,
ZDT2,0.004444496811427441,0.0044842698579570205,0.004144994046028223,0.0037466789822836566,
ZDT2,0.004535165312891913,0.00435315977837916,0.003941582573564721,0.003754140131409765,
ZDT2,0.004356282258778412,0.004585887836705037,0.018080009047917265,0.0037435423060111377,
ZDT2,0.004546946608927989,0.0045451221076161855,0.0868037045021059,0.003730767208560038,
ZDT2,0.0047271985201520605,0.004978792674775395,0.004634214458735568,0.0037203725323552454,
ZDT2,0.0044143902292086,0.004603491916991413,0.09163973079615628,0.003733263617778535,
ZDT2,0.004333348088221611,0.004453959331171725,0.011256299160142641,0.003737164389965708,
ZDT2,0.004467695174596484,0.004467505614149968,0.0037957842047672895,0.003727204847302412,
ZDT2,0.004432726373879035,0.004321937119432838,0.0038140067542595784,0.0037326532021188033,
ZDT2,0.004580700794006855,0.004539617604339172,0.12398806551331552,0.0037108364921875168,
ZDT2,0.004503513502948199,0.00461674953223224,0.024656481744711738,0.003728941343755877,
ZDT2,0.004458986968594782,0.004797533804442917,0.01645014591423898,0.0037728709183278363,
ZDT2,0.00448758030352457,0.004577220820857733,0.1460541934222287,0.0037138484821156526,
ZDT2,0.004389570903647251,0.004555070591133983,0.09355857031330173,0.0037277629647025816,
ZDT2,0.004392715173253092,0.004591503225034242,0.003868770550733499,0.0037235761845353494,
ZDT2,0.0044552067792147255,0.004875047394609371,0.03598517408033191,0.0037583007865424722,
ZDT2,0.004607029037120841,0.004413100235242204,0.0039668836897423666,0.003737719237038381,
ZDT2,0.0042170964588512175,0.0048170172423099705,0.010689256201462626,0.0037231758243264352,
ZDT2,0.00450244087047882,0.0047195560888549995,0.05905474393302284,0.003738863058447025,
ZDT2,0.004571554727873485,0.004484275874574825,0.014288676967705716,0.003740249326772498,
ZDT2,0.004382651494579622,0.004689319270805148,0.01080301086408822,0.0037504909242091714,
ZDT2,0.004633497834591151,0.004452742252456568,0.003980314544786418,0.0037280455505791987,
ZDT2,0.004634878290006744,0.004400391919499837,0.04245867597989799,0.003721715081086371,
ZDT2,0.004474345068594701,0.004380210542250318,0.09427275310354123,0.003727317902866975,
ZDT2,0.004441316573514394,0.0045833893171584586,0.003944154458370411,0.003737078327843561,
ZDT2,0.004453003430272439,0.004528012666883886,0.003828245675993374,0.003749102809917025,
ZDT2,0.0045756927056567346,0.004685421091968542,0.003815587090396862,0.0037506013132653925,
ZDT2,0.004356641754488984,0.004381323966996492,0.01953416073705446,0.0037473965870470378,
ZDT2,0.0043782406587664175,0.004450002786520069,0.003881001100654936,0.003733192469445594,
ZDT2,0.004494385558374098,0.0043432222879792835,0.003959924997827955,0.003725647850361332,
ZDT2,0.004290185508540822,0.004557994824272535,0.023207870007981482,0.003720600271057309,
ZDT2,0.004341066375586241,0.004552658592578031,0.003817816802981854,0.0037392466618367073,
ZDT2,0.004378088897033797,0.0046876688907548005,0.02803649928231075,0.003757873981851284,
ZDT2,0.004463563931399772,0.004793027305397,0.003913533973535232,0.003736291947673244,
ZDT2,0.004649007614656055,0.004760706070977605,0.003964340287481171,0.003742705203084695,
ZDT2,0.004409154448332109,0.004514221009138134,0.004011190820584637,0.0037361340860050463,
ZDT2,0.0043463509026138315,0.004545468602556932,0.033625047530008806,0.0037345616250828067,
ZDT2,0.004456699255649728,0.004600444687823988,0.003810136241968109,0.003718119720219086,
ZDT2,0.0046667665904432274,0.004695288544254742,0.003876644364781797,0.003752004193600595,
ZDT2,0.004491283227189616,0.00466436313598914,0.003845038306395473,0.0037255902395474595,
ZDT2,0.004278233706098352,0.004424465560849339,0.15184087551245493,0.003720668080895533,
ZDT2,0.004493849301640958,0.004697182804544715,0.006673818004581937,0.0037475235380778197,
ZDT2,0.004641079676001238,0.004268313306746099,0.042213432808690395,0.0037507224720545484,
ZDT2,0.004617091650346539,0.004427141530976242,0.01111071998364953,0.0037104272520147447,
ZDT2,0.004615364114191297,0.004428276043921061,0.034710706577849935,0.0037325934594391323,
ZDT2,0.0045351093529056455,0.004439547961321456,0.12428291440060453,0.003731515285249943,
ZDT2,0.004594862149755579,0.004535432767992763,0.0038629062939405665,0.0037561036518363507,
ZDT2,0.004374420650264749,0.005057254379509451,0.0038966457415494935,0.003751928221995973,
ZDT2,0.004518177347748609,0.004546621297195094,0.0037710575682885794,0.003736991512496083,
ZDT2,0.004596640666477111,0.004626743710029772,0.07656920988188226,0.0037272474836490487,
ZDT2,0.004414163334197311,0.00435992828464128,0.0038812641186984765,0.003737962350354939,
ZDT2,0.004444674194402415,0.004376875073096875,0.09228902762256712,0.0037278326653356667,
ZDT2,0.004487941557663065,0.0043122655179007345,0.004014375969059456,0.0037565097564080914,
ZDT2,0.0045638579991082425,0.00442210446943058,0.059310659317394356,0.00371187071120154,
ZDT2,0.004748816624208925,0.004542248691849073,0.0038861711221695504,0.003716387358680251,
ZDT2,0.004433308887602119,0.004535042996437216,0.09926623793419988,0.0037240767243941885,
ZDT2,0.004459506265657992,0.004406993111096593,0.0038491304514508932,0.0037174613412423218,
ZDT2,0.004345746962363923,0.00450518721943346,0.0038388051832639256,0.0037493645951247605,
ZDT2,0.004437373863474263,0.0045844099833260024,0.003967643947616842,0.003729338879130269,
ZDT2,0.004340849277832417,0.0046457220063582,0.004251623370772646,0.0037536975587347896,
ZDT2,0.004364242124085648,0.004689413955688704,0.0038154953498757966,0.003740691623102109,
ZDT2,0.004302300151889084,0.004492308012536099,0.004234790288147861,0.0037561277896989874,
ZDT3,0.0031048382510515606,0.0031381843778003197,0.014337789022779135,0.003435686088443089,
ZDT3,0.0031737382601294073,0.00311380013429125,0.00873247493769598,0.0033330046188432627,
ZDT3,0.0031720171573229347,0.003150331452595571,0.0037498387475978757,0.003511143660225575,
ZDT3,0.003232614327507567,0.00324745026781272,0.003229990567786541,0.0036055956364988914,
ZDT3,0.0031007462720978114,0.0031362374890382396,0.0029480412807446846,0.0034671385519693446,
ZDT3,0.0031576647839395467,0.027827635252844946,0.02785426707035855,0.003646595590705695,
ZDT3,0.003189214730678393,0.003313746792601913,0.003032335268224578,0.003409124059542249,
ZDT3,0.00311319305166186,0.00320116694284089,0.0029808305456958313,0.0036078353595901764,
ZDT3,0.003161308317992404,0.0032309574592981655,0.003255768486641438,0.0032873009060990096,
ZDT3,0.003021419287685456,0.00326910011877245,0.0033229236269093723,0.0034599719454063453,
ZDT3,0.003089332579385185,0.0034373317087681853,0.0037118731715428846,0.0034407151171249764,
ZDT3,0.003112008431487699,0.027854348640138884,0.0031192494965817255,0.003549808448781309,
ZDT3,0.0031159115301323,0.0034556477711528383,0.0035540101049665136,0.0033485227157540112,
ZDT3,0.0031161727099100474,0.0032167098411095907,0.0031132984234274845,0.027925264836173712,
ZDT3,0.003042241615217471,0.003261263408015247,0.0031896691245233617,0.0034621316221612707,
ZDT3,0.0034094624792591296,0.003375914237162028,0.003193965599874616,0.0035603545338551094,
ZDT3,0.003238133535331684,0.0030448506081411195,0.0032775917948265386,0.003412113450237325,
ZDT3,0.0031482237964807827,0.0032469021640269963,0.005887009178364061,0.0036547244436459887,
ZDT3,0.00332031119418,0.0031119814694437102,0.0031834945511856946,0.0036008234235309056,
ZDT3,0.0032013506335096358,0.003769343539762175,0.003566958122884084,0.0036213452340560152,
ZDT3,0.0032341524102967437,0.0031904113420689294,0.003281805797610456,0.003487784959705527,
ZDT3,0.003078466001579645,0.0031239969196573854,0.0030777787670597094,0.0034735552320210965,
ZDT3,0.0033934313219811784,0.003172523919338439,0.003277436628576257,0.0033240592452704236,
ZDT3,0.003319183186059534,0.003414786438820211,0.003085122986183423,0.003360620849532369,
ZDT3,0.0030550525894446376,0.003257251448615328,0.0032486220609533444,0.00349333653867729,
ZDT3,0.0031133337131548514,0.0034657933698930134,0.0032967747046088202,0.0034300214662103716,
ZDT3,0.002817679665623263,0.0032371839925638126,0.003063864857614633,0.0034299174926755945,
ZDT3,0.0032919738511659967,0.003272693993081174,0.0033039211829848925,0.003203230863578931,
ZDT3,0.003230354903699126,0.003310801729674088,0.0029588255376784855,0.0034572520535680194,
ZDT3,0.003103168550068363,0.003221012420728916,0.0032388439034628683,0.0035636276626349874,
ZDT3,0.0032009821132786467,0.0034244404685429652,0.013298658960264218,0.02791730450322968,
ZDT3,0.0031433225182006664,0.0032104386239587544,0.0030718348950878743,0.0034889697982009864,
ZDT3,0.003023826493825278,0.003285600501345985,0.0030672735615920265,0.003581756974651891,
ZDT3,0.003303101551605571,0.0033571945359410767,0.003017850590880613,0.0034004495550971885,
ZDT3,0.0031822895677303354,0.003233827509475227,0.0030488014405756327,0.0035144856999109763,
ZDT3,0.0031252284048026288,0.0032929635575180325,0.0045005565196120385,0.003178514070387115,
ZDT3,0.0030982932099694023,0.003231457700962368,0.0031744062251379376,0.0033663678938626513,
ZDT3,0.003262182626342791,0.0034133127029232924,0.004532195950243504,0.0035958542732280525,
ZDT3,0.0033023278778858867,0.0032655680781511934,0.027625636012420757,0.00352337412155399,
ZDT3,0.0033222808800550422,0.00317082628372368,0.0030609534127847317,0.003572392630011768,
ZDT3,0.003115177977654459,0.003238946060256649,0.003214927510582286,0.003346623572736045,
ZDT3,0.0030627677477588194,0.0034218725951059487,0.0032470873625976946,0.0032925037708807043,
ZDT3,0.0031600710133607214,0.003169035547216661,0.003115160162803144,0.0037269364332834106,
ZDT3,0.0033016615533405895,0.02773069839287634,0.003095721810898228,0.0037320007964675456,
ZDT3,0.0030807406610465888,0.00317206727456966,0.0030346523499453514,0.0036252729948064435,
ZDT3,0.0030587577205014303,0.003195957060775955,0.003135496372785552,0.003307453620413769,
ZDT3,0.0032927466012149386,0.0031887632692601427,0.002932693689369009,0.003482001146355422,
ZDT3,0.0030152359806374755,0.0033980899099688554,0.003156690899255302,0.003532001491205616,
ZDT3,0.003204021002001785,0.003361833411910578,0.0031212873387030304,0.0034691363315842126,
ZDT3,0.003292844868976533,0.0031256000736622474,0.0031274804751357252,0.0033357893921988333,
ZDT3,0.003169182122575492,0.0031594963941830793,0.003172336005255937,0.003547939932964197,
ZDT3,0.0032386117890040632,0.00310022736310247,0.003145016465764653,0.0032803823042962966,
ZDT3,0.003034903760083806,0.003292607247367059,0.003141460448195757,0.003587106156119736,
ZDT3,0.003046783748173381,0.0030437350499842304,0.008565630290202686,0.004150706837354962,
ZDT3,0.0031359143765258817,0.003170925124447124,0.0030136771566745533,0.027898010756463736,
ZDT3,0.0030564341866877753,0.0033117319979739223,0.003168705502308015,0.003341209081702197,
ZDT3,0.0032626963909625642,0.003234423263406266,0.003233640945748484,0.00361766643964521,
ZDT3,0.003072472871843309,0.0030658149292927136,0.027682787997447035,0.0034041428836310323,
ZDT3,0.0032280446660075657,0.003280778278915852,0.0030005912982245856,0.0035476142402869307,
ZDT3,0.0031226642371609157,0.003196389853627818,0.0032568015978349167,0.0279270408628438,
ZDT3,0.0033153031339953217,0.0032904468893436016,0.0031562225330814494,0.003459600820777104,
ZDT3,0.0032554828136952046,0.003321278151612251,0.003250081821506521,0.0032735353751866666,
ZDT3,0.003215452555846733,0.0032005927198826395,0.0031972852682802485,0.003370042789300568,
ZDT3,0.003137451756676938,0.0033121134323834366,0.003237537717743615,0.0034924165747493192,
ZDT3,0.003208653033454949,0.0030328182771600203,0.02772293401567192,0.003505270703155193,
ZDT3,0.003034447309318723,0.003274920233029423,0.003223571400021305,0.0035591826607510486,
ZDT3,0.0033183058064992516,0.0033255686019270075,0.003034948552441473,0.0032848784395893725,
ZDT3,0.0031318630676401083,0.0034944520429454,0.00299748308067964,0.003361590390058676,
ZDT3,0.0032260106914141886,0.003399388324018216,0.027692209862651168,0.003559341358179838,
ZDT3,0.003503165091866274,0.0032964028663943915,0.0032677344902964714,0.003451553364839879,
ZDT3,0.003316662092464032,0.003516355135049192,0.003098538233743102,0.0033782498771923446,
ZDT3,0.0029917240726025493,0.003126832629675757,0.003171684571689405,0.003544553653318222,
ZDT3,0.003432068042014345,0.0033524432484902085,0.003068200480727522,0.003559903703627772,
ZDT3,0.0032249924674761284,0.003260435629722635,0.0031057903629781833,0.003442942785968278,
ZDT3,0.0031903288095039284,0.0031683524281665644,0.0031495475315868734,0.0033460884109555956,
ZDT3,0.0031164566919625104,0.003128033501873356,0.003269754281504895,0.0032395208159230367,
ZDT3,0.0030631759265003587,0.0031306303704223106,0.0060204133843043345,0.003396871864457207,
ZDT3,0.003203625791526578,0.003333912778878326,0.00322953732313256,0.0034247198096356278,
ZDT3,0.003293498949122745,0.0032970986191863385,0.003153641843592987,0.003325003293159098,
ZDT3,0.0031909261948603615,0.00324348332094055,0.0030828977375814666,0.0033911066838861045,
ZDT3,0.0031278240626366398,0.0031771981710826537,0.003104294298185594,0.003495448955515623,
ZDT3,0.0030429836067942207,0.0034687093751782474,0.008568440234070128,0.0034836004666894712,
ZDT3,0.002988024340674766,0.0031371895849643464,0.003114390438098119,0.0034364971387565255,
ZDT3,0.00305560580761948,0.0034407891208841556,0.003019299794837816,0.00349025018574677,
ZDT3,0.0032361242161818445,0.0030251192524661293,0.0031378731037883527,0.0034209735487221813,
ZDT3,0.0032359457656167393,0.00311580988832714,0.003400405751624349,0.003469622044333104,
ZDT3,0.0036236897288992325,0.003155524530868876,0.0044028287536423336,0.00338347774241668,
ZDT3,0.0031508467008880105,0.003423495418423353,0.003182214365704453,0.003473841702065279,
ZDT3,0.0034786935019087356,0.003116541324003332,0.0032233094493060253,0.0033711213723964235,
ZDT3,0.0031443395694212566,0.003124693426772041,0.003107517697116366,0.0035072476797539834,
ZDT3,0.0031215862966670047,0.0031471556644057956,0.0029557879268707794,0.003454069254865433,
ZDT3,0.003220449560971176,0.0031357530836902047,0.0032082746202741178,0.0035220109861740776,
ZDT3,0.003083579600599504,0.003184607413801828,0.003050630233379021,0.003641086109158005,
ZDT3,0.003307628273138213,0.0034476824238801346,0.0032142016943712665,0.0033178014690895654,
ZDT3,0.003333446462842832,0.0033008247105705472,0.0032508021809423255,0.003480193168711701,
ZDT3,0.003377103624929058,0.0031598004154451322,0.0032812199014464996,0.0035149328529484884,
ZDT3,0.003160443808195774,0.003136064327981847,0.003104128538475395,0.0033921686271153936,
ZDT3,0.003154753384012348,0.003385273603853889,0.0031116313656834754,0.0034763983229938998,
ZDT3,0.0032790222533733435,0.0031968079424959423,0.003131975082540301,0.0034675941242458146,
ZDT3,0.003385038473217305,0.003145286571280591,0.0031093533284981987,0.0034247652219268807,
ZDT3,0.0032699048602199627,0.003074737443328106,0.008689128903011252,0.003616175644156647,
ZDT3,0.0031659620532621022,0.0030484670981563078,0.00332490994554456,0.0033967595011587144,
ZDT3,0.0031611628075459987,0.027733573002768235,0.02757188168244476,0.003559400165439412,
ZDT3,0.0035249041333348012,0.0032806313040964277,0.0030886986477389753,0.00345345187014137,
ZDT3,0.0031502607501920025,0.0030158184911178248,0.0031598261782073487,0.003501116645444525,
ZDT3,0.003126013304558217,0.003301831543451498,0.0030271616822581523,0.0033184428841177226,
ZDT3,0.0030746949839025057,0.003013224922145791,0.0031660653259890023,0.0034631793446334635,
ZDT3,0.0031227503665995624,0.003312148617859911,0.00315499622261971,0.0034246828678866676,
ZDT3,0.0030314309279337462,0.0032507839372218706,0.003021668100017921,0.0036771892936443952,
ZDT3,0.0029760246700654613,0.0031819448341700815,0.003090180286696448,0.003464208584707644,
ZDT3,0.003178211944414517,0.003318079352887529,0.0032317955325062197,0.003495341198275626,
ZDT3,0.003230735349159249,0.003216315382576948,0.003167953844616047,0.003422646657787105,
ZDT3,0.0031017414894625173,0.0030245601017191925,0.0031809549242851503,0.003436166203710079,
ZDT3,0.003258114892867822,0.003037497432533556,0.0031228045560753085,0.0033716487344728338,
ZDT3,0.0030580614448971755,0.003242061857807255,0.0033617436239316277,0.003599477230916273,
ZDT3,0.003157478970215079,0.0033351501767789784,0.003124401369063501,0.0033621939283236617,
ZDT3,0.0030388402778965843,0.0033189833045046526,0.0030425523576118156,0.003420785248275313,
ZDT3,0.0032157555348572052,0.0035295297286469986,0.0031122019833088304,0.0035644371839059995,
ZDT3,0.0033125816422211194,0.0032505005102273343,0.0030176851274191785,0.0034759346383857453,
ZDT3,0.003151117851809761,0.003134911338751178,0.0031135247641297485,0.0036767474692520567,
ZDT4,0.3888620123634175,0.38858990678013633,0.2551276503509353,0.5253633755066486,
ZDT4,0.1252599179772021,0.5253792501394644,0.25673297235942444,0.12599023206118395,
ZDT4,0.2552098039429623,1.1111413860244688,0.1680319774937413,0.6656884767391994,
ZDT4,0.25533781451114856,0.38859617187345646,0.004007551373210749,0.5253579698860592,
ZDT4,0.004303592561729348,0.2551422984198761,0.005941942785867815,0.2551010103739638,
ZDT4,0.5255997874938076,1.9483879133616118,0.003890189831949289,0.5253653895135926,
ZDT4,0.25526505490261436,0.5253645230067574,0.00421097922414258,0.6656916362032856,
ZDT4,0.1252967917407651,0.5253744446120002,0.012025000863874485,0.3885597566829049,
ZDT4,0.12522724588414128,0.25512132016443995,0.1251878910083764,0.12516614478856064,
ZDT4,0.004332008433083572,0.25511898139553046,0.003853796651190887,0.5253600888163418,
ZDT4,0.25530075064310526,0.38858009213255945,0.2561043038028163,0.38855837344320526,
ZDT4,0.38869673885190265,0.5253709282976038,0.31872819166512434,0.2551304029471611,
ZDT4,0.004248804752716993,0.3885868931823462,0.2843534409609366,0.5253600749509194,
ZDT4,0.1252606869721147,0.12521106321079686,0.12518027991492867,0.2551058861126225,
ZDT4,0.12534178501271073,0.6656987660657688,0.003847680814771066,0.6657088345824792,
ZDT4,0.2552754383460504,0.6656975148017183,0.2551131612458335,0.25510494840796927,
ZDT4,0.12531988644492464,0.8098693325880155,0.0037666125861613277,1.2687376560745505,
ZDT4,0.12530212022300838,0.12521236310068606,0.0038486683877397253,0.25509749653601377,
ZDT4,0.25529741487657714,0.2551426357700225,0.12519204639185053,0.38855824272128064,
ZDT4,0.38880286736061626,0.004489084598451969,0.0039815479714814086,0.2550977400492347,
ZDT4,0.1253017289402642,0.12523694664724525,0.2551088710192465,0.003917600229546852,
ZDT4,0.255301925014557,0.004122885931650962,0.12518659563310489,0.2550978290932564,
ZDT4,0.3887861892258762,0.2551194063000179,0.25511990537789747,0.12516950148501735,
ZDT4,0.255210685533514,0.5253714000873232,0.12518436305490305,0.3885686595805895,
ZDT4,0.255385770694504,0.2551205473245731,0.25518816588450477,0.003918636192114164,
ZDT4,0.2552123976992287,0.5253723384205595,0.005775509440014385,0.38855710920174547,
ZDT4,0.004451760822511774,0.004527749777625014,0.25512206602251836,0.1251664283405503,
ZDT4,0.2555590198929291,0.25512808991415176,0.12518330542718134,0.3885585017739621,
ZDT4,0.2552291203072381,0.1252101594285472,0.0038627603269605943,0.665689529841704,
ZDT4,0.6659634583926971,0.2551511219480373,0.0038360191538321783,0.5253920151275363,
ZDT4,0.004284849723753954,0.38859118514610347,0.0038949063134240164,0.2550968042744275,
ZDT4,0.12525791887809357,0.38858483832982454,0.003786908086444648,0.25509759777729324,
ZDT4,0.255222086312239,0.004388190203315716,0.1251873530362079,0.25510687052130526,
ZDT4,0.004197307010073032,0.5253727352035604,0.003869856133711976,1.1110941184810188,
ZDT4,0.3886675639764233,0.25513357798005165,0.25510701767038757,0.1251662808145564,
ZDT4,0.5255073698581139,0.38857459120530286,0.25511184773097384,0.5253577506717809,
ZDT4,0.004192692194041406,0.25514170092262317,0.018428873625185114,0.5253583377665069,
ZDT4,0.3886725763497106,0.38858310358949905,0.003834626715153432,0.003920665954189889,
ZDT4,0.6658690577318318,0.38858702204130313,0.0038835094943071254,0.1251658423504554,
ZDT4,0.3886573151066795,0.9582377439629666,0.12520193702043267,0.12516633976351688,
ZDT4,0.3887274695480474,0.6656997459085395,0.12747545180588107,1.4313318416710583,
ZDT4,0.2552841621189363,0.25513073015870796,0.014071695700591998,0.25509748603338533,
ZDT4,0.38872908280138485,1.2687360048998058,0.1251884910248737,0.8098732526497239,
ZDT4,0.5254913048635348,0.6657014967767244,0.2551299028000458,0.5253606746794752,
ZDT4,0.2553406066525455,0.9582322254329408,0.003917762371758415,0.8098926505276215,
ZDT4,0.12524033168770357,0.388576684697262,0.1451606193636266,0.2550973853753974,
ZDT4,0.25515735826902314,0.38857290729696803,0.1251813915214539,1.1110941627217237,
ZDT4,0.004599064457028502,0.6656943705351434,0.3886705139269728,0.5253618221297522,
ZDT4,0.25534776119237335,0.2551334774691714,0.003810554326497047,0.5253582739336191,
ZDT4,0.12529710960113125,0.3885855704288038,0.0038774292178138043,0.5253585242013649,
ZDT4,0.5257015979163238,0.5253697013192077,0.011495784140391523,0.2551012518280552,
ZDT4,0.6657559025128572,0.12523940918718712,0.1252515093543366,0.8098982386792358,
ZDT4,0.0043610161834007535,0.5253691731741394,0.12519667424422637,0.38856269080684347,
ZDT4,0.3888500988958238,0.5253696131093311,0.12519016466649535,0.5253579256093281,
ZDT4,0.004170531912340388,0.2551330129777998,0.13109233568440082,0.12516634570452548,
ZDT4,0.3886943688367734,0.5254155640449981,0.006437955432212084,0.5253580624820482,
ZDT4,0.1252653102559227,0.12522924558639995,0.0038723787665211613,0.2550987651996932,
ZDT4,0.1252534702105025,0.388577157205226,0.3885704129894647,0.8098719791647494,
ZDT4,0.12525321585676766,0.1252321727746311,0.0039512290987126445,0.5253581260788839,
ZDT4,0.38885203000029306,0.1252492337933948,0.05070355367755441,0.1251664267819354,
ZDT4,0.2551872706152825,0.12523647726807008,0.12549921508338577,0.9582522234565193,
ZDT4,0.2551742885361388,0.3885739944893153,0.12518591689343989,0.255097627947905,
ZDT4,0.3888104139885111,0.5253787560531931,0.25511368863919354,0.6656973966773769,
ZDT4,0.388648741859777,0.25513258569538594,0.003774178386093945,0.12527740488358433,
ZDT4,0.3887660375582806,0.2551293715331928,0.1252881426000305,1.1110909658869552,
ZDT4,0.255431762875403,0.2551486645578984,0.019605936771229408,0.5253688305331942,
ZDT4,0.6660137035630379,0.12526659895982883,0.1251796934104906,0.8098682384874016,
ZDT4,0.25526176022735725,0.5253714784672459,0.38857835237303995,0.0040238007280583065,
ZDT4,0.1253671442052869,0.38859424247529106,0.12518541875193379,0.38855980726319234,
ZDT4,0.12527940360722187,0.12522037250469123,0.2551089178392241,0.3885886287059715,
ZDT4,0.25519771677775427,0.3885742330218154,0.3885696729658936,0.525361255241854,
ZDT4,0.0048739317932869316,0.38857524279479955,0.00387090231282088,0.5253625921623059,
ZDT4,0.12524772448352278,1.9483995747326646,0.0038939893707902835,0.255099700232824,
ZDT4,0.38883944424567346,0.38857953666996325,0.003813568184032271,0.25510071912917404,
ZDT4,0.25528563223585704,0.38858476072670367,0.4401879257576706,0.5253577811476573,
ZDT4,0.004320123908640157,0.3885794506704134,0.003845816423723225,0.0038871112061256447,
ZDT4,0.25526417853186745,0.5253663473659941,0.0137979038953117,0.25509747728312804,
ZDT4,0.3886513241770918,0.25512919785082694,0.036249830305037214,0.12516530617197635,
ZDT4,0.1253077674683902,0.3885846938335704,0.0038479785998953037,0.5253599558252571,
ZDT4,0.25529272196430436,0.5253676504358386,0.003941149304498455,0.38855807434638523,
ZDT4,0.25531675021568007,0.6657076830675832,0.12587240253693133,0.5253714402142898,
ZDT4,0.2553675395799989,0.1252193043543422,0.27906460830844415,0.38855698622032286,
ZDT4,0.1253150471775665,0.2551302178467824,0.12518567181854806,0.3885593694346573,
ZDT4,0.12533821704874223,0.12521480282158737,0.007012858015861596,0.12516717314386422,
ZDT4,0.2552348843112573,0.25512126308299826,0.2551074141690839,0.2551064698684662,
ZDT4,0.12528212167014635,0.2551303234867023,0.12524242225377732,0.2550973267719203,
ZDT4,0.004348345395092225,0.38857734743989714,0.388911620786383,0.3885604189736895,
ZDT4,0.25537713989837657,0.38858459731309286,0.003827379055724718,0.3885585808035076,
ZDT4,0.12524956965425146,0.5253679164422824,0.2577008891904407,0.12516480734361138,
ZDT4,0.2553341749817635,0.2551334605551289,0.0038275003476688453,0.2551012119287247,
ZDT4,0.25525096315863177,0.25512770209809993,0.003801891866604823,0.1251666100386325,
ZDT4,0.2552505554655741,0.004419065057733031,0.25511077673464794,0.38855869357915995,
ZDT4,0.25517792127352434,0.12521558245451747,0.003896071732219457,0.12516740824603667,
ZDT4,0.25518069865875553,0.2551420485469598,0.010668541085931885,0.003892577422001264,
ZDT4,0.1252609635507352,0.0043453751148381,0.388571613908953,0.25509750238287376,
ZDT4,0.6659863127436015,0.25512523370992224,0.003889235488814023,0.6656885160575836,
ZDT4,0.1252249017790987,0.8098767445759588,0.00624760175689224,0.38855866135368244,
ZDT4,0.25518096440210875,0.6657096506915645,0.0038300418403808957,1.1111013377989356,
ZDT4,0.12524801375068922,0.25511842441703314,0.0038265330230843235,0.003916854732815602,
ZDT4,0.12529044489563315,0.525367929022096,0.027704293792945783,0.2550965678027225,
ZDT4,0.12527997024770515,0.2551495421314752,0.12519078223808597,0.3885596468232545,
ZDT4,0.2552427063762696,0.0042801358297298005,0.004062070894757035,0.8098914398178019,
ZDT4,0.1252751397791276,0.2551682226489457,0.1251830398971081,1.9484012092818799,
ZDT4,0.3887343734119557,0.12523222208102766,0.12518289769967328,0.12516768982485976,
ZDT4,0.25519526843774615,0.6657202612556576,0.1251835989082177,0.12516744283359177,
ZDT4,0.2551972560344102,0.3885776185189229,0.3886854089312098,0.1251655673206644,
ZDT4,0.12535211753666012,0.5253764218077536,0.2551756686585262,0.5253902969755749,
ZDT4,0.12529172516755932,0.1252187263906468,0.0038945193901855067,0.12516650291212178,
ZDT4,0.004375413775672381,0.25512456365379405,0.004290961564521332,0.25509754732397083,
ZDT4,0.2551934565669544,0.25514661218146817,0.2586928728623115,1.1110933499230413,
ZDT4,0.1253122588773108,0.12521630880791598,0.19730504747376873,0.12516634465826657,
ZDT4,0.0044659838368553756,0.3886012779055834,0.12518450246294374,0.525359113108133,
ZDT4,0.12526071022851198,0.004310464189199264,0.003821053814572204,0.2550996283795875,
ZDT4,0.12527629657362654,0.255139676611989,0.003885969501193048,0.525364571894634,
ZDT4,0.525561310274067,1.9483937617195213,0.00512424049674776,0.25509729469443737,
ZDT4,0.25541597728518506,0.8098788279745421,0.25516368064320194,0.388558076291367,
ZDT4,0.2551816423315533,0.38857395456305505,0.12518880718436862,0.5253599640300317,
ZDT4,0.25516083057839833,0.3885751034757893,0.003840028664141903,0.12516622204221878,
ZDT4,0.12530074533734897,0.5253791196240392,0.011633590658985367,0.5253606598107864,
ZDT4,0.25517421509858584,0.2551342299039489,0.004704567430942894,0.12521862741861264,
ZDT6,0.20932045870342994,0.2092386951500984,0.22924301916307546,0.20935580726540606,
ZDT6,0.20939247777820338,0.20926259404319145,0.2307121785446148,0.20920116130675429,
ZDT6,0.2093853579778055,0.20927564571000626,0.22115870728696177,0.20927564658143638,
ZDT6,0.20940083433812678,0.20927006766273049,0.22278109039266444,0.20931998534600382,
ZDT6,0.2094127036403105,0.20928810926678695,0.23207670975068018,0.2093378469716736,
ZDT6,0.2093339150477206,0.20932844363220526,0.2261857539861205,0.20930940072123694,
ZDT6,0.20938984585739304,0.20924710763260582,0.22750176190852972,0.20924042371835141,
ZDT6,0.2094617774863252,0.20929143362584895,0.21964877126423096,0.20931151457819192,
ZDT6,0.20935697966442224,0.20918998378636955,0.2160586747935847,0.20934688216248545,
ZDT6,0.20934851791082196,0.20926013696045576,0.22930044082082518,0.20934175313529427,
ZDT6,0.20937004893571226,0.20928822663947055,0.22899508268135157,0.2093260888647253,
ZDT6,0.20930910381015932,0.20931969222869962,0.214195812393151,0.2092777976041946,
ZDT6,0.20944187790036345,0.20918737057729572,0.21512657015637063,0.20933736791905364,
ZDT6,0.20930583577779435,0.20933171748671486,0.2329894354311214,0.20932009344302302,
ZDT6,0.2093565936645324,0.2092182489579568,0.21662289962193151,0.20927683709091943,
ZDT6,0.20946468087737574,0.20934685828046437,0.21400082418951816,0.20934128216614226,
ZDT6,0.20939752130125633,0.20930489846765446,0.24429482479929335,0.20937854740662515,
ZDT6,0.20934800919807245,0.2092683472228103,0.22894656898697588,0.20933793191971925,
ZDT6,0.2093359687223391,0.20924984566120386,0.22766039092787618,0.20924706643244056,
ZDT6,0.20935623837778475,0.20928617306004121,0.22986012368757952,0.2093149123597955,
ZDT6,0.20936375563792967,0.20937944613423556,0.21754604193827212,0.20930361927104374,
ZDT6,0.20946070226993008,0.20931628940254174,0.23150797603743442,0.2093280611231327,
ZDT6,0.20937663461577372,0.20929697447962095,0.21173315774756835,0.20932235994317694,
ZDT6,0.20938283518010628,0.20930337456328676,0.22285938825297788,0.20927688207829834,
ZDT6,0.2093790348122818,0.20929718062371308,0.22933403184272302,0.209302515130878,
ZDT6,0.20934720324205586,0.20921141515542838,0.21998694398905863,0.2093106646638623,
ZDT6,0.20929026936214834,0.20931412165463567,0.2289043342599685,0.2093189190444946,
ZDT6,0.20938133208080895,0.2092287054772595,0.22016209812536094,0.20929989946928573,
ZDT6,0.2093735307740543,0.20929477534421856,0.21381333228539792,0.2093732152634547,
ZDT6,0.20947817291983498,0.20927596149862096,0.21866359958927745,0.2093261152525106,
ZDT6,0.20935102781043274,0.20930182759134242,0.2255311058500057,0.20923041240111884,
ZDT6,0.20945185519125784,0.20928177059951697,0.2244650399781576,0.20931388911603327,
ZDT6,0.20939754239829603,0.209231218373198,0.22992789999301752,0.2093088825893781,
ZDT6,0.20933140590152308,0.20931253081048976,0.22745720805604352,0.20934221729166952,
ZDT6,0.20940731988554223,0.20926839684837117,0.22229432619631262,0.20916454153937597,
ZDT6,0.20932513354188326,0.20942000834450844,0.22904672633036685,0.20932946901149224,
ZDT6,0.20934096309255656,0.2093221795623731,0.21410946378463389,0.2092588444793734,
ZDT6,0.20947152934229102,0.20925603584868277,0.22782378500304612,0.20936532365166144,
ZDT6,0.20939051885408813,0.20932597332661437,0.22795259942237658,0.2093510038577645,
ZDT6,0.20936044777927496,0.2093414962589392,0.21995702340416323,0.20931072209372326,
ZDT6,0.2093408499917203,0.2092540632646419,0.21853175560800564,0.20934091828072618,
ZDT6,0.20929713480575224,0.20933399005052608,0.2180203852841034,0.20935887999877667,
ZDT6,0.20934294390906155,0.2093742090763584,0.23000480970724094,0.20934610051515953,
ZDT6,0.20937640289128645,0.20930396208042798,0.22053892787997903,0.20919908513214783,
ZDT6,0.2093833845192489,0.20925663441461329,0.22122593476220828,0.2093282677944375,
ZDT6,0.20939032990602763,0.20922187318667468,0.21474013110240583,0.20931781772235974,
ZDT6,0.20938589373669414,0.20931174009780448,0.22451422449858208,0.20929083912692248,
ZDT6,0.20937842498709736,0.20935157799974122,0.23362399724821717,0.2092748678233932,
ZDT6,0.20933988749081972,0.2092023663778534,0.22271544600353965,0.20925800795683133,
ZDT6,0.20935487486659088,0.20926233792475363,0.2271112909872183,0.20932977814089868,
ZDT6,0.20934146120650957,0.20923907875573003,0.22585125132957581,0.2093410251749181,
ZDT6,0.20931188775940787,0.20934151228050102,0.21416504200429556,0.20927461883785717,
ZDT6,0.2093971944294115,0.20935879446421268,0.21523784728729192,0.20935896848670987,
ZDT6,0.20945693886123987,0.20925690883679426,0.21505766548783983,0.20919314794723337,
ZDT6,0.2093876932730893,0.2092781627672214,0.2277626513650233,0.20932329972193348,
ZDT6,0.20938099928938173,0.20929440401689292,0.214987428252793,0.20929546422183404,
ZDT6,0.20940837819329297,0.20924704825651919,0.22079184247981495,0.20932576682834378,
ZDT6,0.20936692862018358,0.20929885644188542,0.2291159573154545,0.20935383353939727,
ZDT6,0.20939182136260576,0.20928826046663473,0.21601542824576112,0.20918665762977537,
ZDT6,0.20944136141620182,0.20929488868349705,0.21816581348083536,0.20933139886543425,
ZDT6,0.2093755210505923,0.20939390914847994,0.22607694750624271,0.2092652878807199,
ZDT6,0.20939223012573152,0.20933542564636987,0.22586678294381785,0.20931583299252068,
ZDT6,0.2093293792585601,0.20944186133886322,0.22029303162309827,0.20934797623243995,
ZDT6,0.20936250477016113,0.2093323771418304,0.22885804483073163,0.20929916435717777,
ZDT6,0.20946186756689547,0.20932184575132834,0.21686388672437532,0.20927550122774738,
ZDT6,0.2093724295661544,0.209338643360276,0.2151523025556423,0.2093420463522378,
ZDT6,0.2093696380667365,0.20933277916073917,0.22769138238154996,0.20936158942426777,
ZDT6,0.20936309149621463,0.2092652129531174,0.2191199773952096,0.20933607012330555,
ZDT6,0.2093466331145615,0.20925520967701153,0.2245867284000728,0.20928885163870836,
ZDT6,0.20935360272662057,0.2093327605736047,0.2162557216773918,0.20944856788483726,
ZDT6,0.2093714207762395,0.2093093188861878,0.22192547289442635,0.20918084360999886,
ZDT6,0.20940629305095665,0.20933516481208173,0.21573813181183865,0.20930219604463043,
ZDT6,0.20937360714809325,0.20925370284935457,0.2334330547871661,0.20933564932578722,
ZDT6,0.20933167171498274,0.20930866265437653,0.21572720066882775,0.20932849788962762,
ZDT6,0.20937400198785183,0.20934550342821834,0.22756311441746765,0.20932334320433998,
ZDT6,0.20933000882482877,0.20935051636165244,0.21888115278987724,0.20926674348314306,
ZDT6,0.20943846593351098,0.2092534454599637,0.22035048712524163,0.20930366339414372,
ZDT6,0.2093390997238749,0.20931258591741805,0.21704465390475644,0.2093314007439706,
ZDT6,0.2092815139934837,0.20932248468074557,0.22694353893707989,0.20931949763157257,
ZDT6,0.20947600591234503,0.20936693287408567,0.22385147120560253,0.20927710418082013,
ZDT6,0.20938131204476348,0.20928355228643652,0.2236623972857223,0.20936172950159807,
ZDT6,0.20932688433978797,0.20927955417090943,0.2309286608467001,0.209301075915859,
ZDT6,0.20941827535672458,0.20935911821006148,0.23214036297277602,0.20930267659637208,
ZDT6,0.209359398658391,0.20935123782841183,0.2119269024447193,0.20930396780350877,
ZDT6,0.20926130586205244,0.20918766694908492,0.23214220082597736,0.20920594836593362,
ZDT6,0.20938223114431948,0.20938052666385262,0.2165945515817582,0.2093166718241261,
ZDT6,0.2094331637373351,0.20932175224567762,0.22842094408288502,0.2093267160758768,
ZDT6,0.2093898441100509,0.20932574766214843,0.22760591381509143,0.20930809114634183,
ZDT6,0.20935334866214025,0.20929519895416177,0.23197706998520237,0.20928126808832817,
ZDT6,0.20936754682100728,0.20925552932639332,0.23068686200455715,0.2093051829531048,
ZDT6,0.20938826605629388,0.20927119321154355,0.2156569946948405,0.20929426610118818,
ZDT6,0.209465983582314,0.2093342964856414,0.2235174251065757,0.20930234088525773,
ZDT6,0.20932106396596983,0.20922690181705114,0.2167359141429892,0.20923182443963884,
ZDT6,0.20934885897908037,0.20927223682153315,0.2272346469437616,0.20923132407041578,
ZDT6,0.2093691185510346,0.2093531076620302,0.21651381314616042,0.20929935299704583,
ZDT6,0.20941017371423434,0.20926456040983363,0.22584039360731042,0.20925576745671143,
ZDT6,0.20935697781463675,0.2092601509865779,0.22634236633980334,0.20932881428309608,
ZDT6,0.20941218711908033,0.20933741344437556,0.22796172268542172,0.2092640077663082,
ZDT6,0.20945419491915326,0.20921520738281188,0.2278578499456316,0.20927955746581742,
ZDT6,0.2093388660162875,0.20920132892777857,0.22630494240295396,0.2093921566840969,
ZDT6,0.2093732674005681,0.20928707329910684,0.23346351298026352,0.20930202913761198,
ZDT6,0.20945262478342666,0.2094150162288756,0.22571478140062504,0.20926398223479586,
ZDT6,0.20935726657292117,0.20930606273182192,0.22905830278811148,0.20928623126287543,
ZDT6,0.20937795763270473,0.2093127968477475,0.22470618383096883,0.20928519517099706,
ZDT6,0.2093391812595314,0.2093535596027954,0.2251977510992228,0.20934187431907125,
ZDT6,0.2093325564815265,0.20925526199637226,0.21540726542785568,0.2092813274255891,
ZDT6,0.2093021047315374,0.20924016998975153,0.22472502369187292,0.20931155532732085,
ZDT6,0.2094145531803068,0.20928056422556865,0.2258961720377833,0.20934360074031053,
ZDT6,0.20931997114565887,0.20929616492297898,0.22683453236040887,0.2093391479456327,
ZDT6,0.20935473085205675,0.20932098669070878,0.21710187634595418,0.20920945190364737,
ZDT6,0.20936609151847071,0.20927166160607757,0.22450710774138577,0.20928257946917214,
ZDT6,0.20937888385800643,0.20926554577142892,0.22546744830067394,0.2093126883437529,
ZDT6,0.20936311526040038,0.20933704770467676,0.2145277607490366,0.2092627383576835,
ZDT6,0.20938531611335678,0.20928165944770472,0.21789264200606803,0.20933306839039187,
ZDT6,0.2093848974771371,0.20932910937222282,0.2252757070762468,0.2093342782426227,
ZDT6,0.20939384868381355,0.2092683073364122,0.22463200998235824,0.20921815728948412,
ZDT6,0.2092623681019668,0.2092548373168817,0.2241230906262583,0.20925216253013632,
ZDT6,0.20933725473571996,0.20929434127715707,0.22724084692322405,0.20929054287051493,
ZDT6,0.209367661901052,0.20931570016058418,0.22092649865540162,0.2093108467311069,
ZDT6,0.20943581292287863,0.20928592469518437,0.2272879674750528,0.20925965746161856,
ZDT2,ZDT2,ZDT2,0.020931928324698475,0.015696583351969585,0.33296743241044796,0.18718125214669437,
ZDT2,3.0717741704822554,3.191292410916141,3.123883654045313,3.485066595634463,ZDT2,2.8297022722473164,2.8542115488853974,2.914404483249197,2.704824444366922,1.9481703164233413,
ZDT2,0.004583911020477572,0.004836732629699514,0.004005867838994137,0.01461639236331852,0.25439974991395,
